-- phpMyAdmin SQL Dump
-- version 5.2.0
-- https://www.phpmyadmin.net/
--
-- Host: 127.0.0.1
-- Generation Time: Feb 13, 2023 at 11:58 AM
-- Server version: 10.4.27-MariaDB
-- PHP Version: 8.2.0

SET SQL_MODE = "NO_AUTO_VALUE_ON_ZERO";
START TRANSACTION;
SET time_zone = "+00:00";


/*!40101 SET @OLD_CHARACTER_SET_CLIENT=@@CHARACTER_SET_CLIENT */;
/*!40101 SET @OLD_CHARACTER_SET_RESULTS=@@CHARACTER_SET_RESULTS */;
/*!40101 SET @OLD_COLLATION_CONNECTION=@@COLLATION_CONNECTION */;
/*!40101 SET NAMES utf8mb4 */;

--
-- Database: `tweetphp`
--

-- --------------------------------------------------------

--
-- Table structure for table `comments`
--

CREATE TABLE `comments` (
  `id` int(11) NOT NULL,
  `comment` varchar(140) NOT NULL,
  `user_id` int(11) NOT NULL,
  `post_id` int(11) NOT NULL,
  `time` datetime NOT NULL
) ENGINE=InnoDB DEFAULT CHARSET=utf16 COLLATE=utf16_unicode_ci;

--
-- Dumping data for table `comments`
--

INSERT INTO `comments` (`id`, `comment`, `user_id`, `post_id`, `time`) VALUES
(47, 'test comment line', 62, 736, '2023-02-02 13:36:57');

-- --------------------------------------------------------

--
-- Table structure for table `follow`
--

CREATE TABLE `follow` (
  `id` int(11) NOT NULL,
  `follower_id` int(11) NOT NULL,
  `following_id` int(11) NOT NULL,
  `time` datetime NOT NULL
) ENGINE=InnoDB DEFAULT CHARSET=utf16 COLLATE=utf16_unicode_ci;

--
-- Dumping data for table `follow`
--

INSERT INTO `follow` (`id`, `follower_id`, `following_id`, `time`) VALUES
(194, 62, 61, '2023-02-02 13:35:35'),
(195, 61, 62, '2023-02-03 11:44:54');

-- --------------------------------------------------------

--
-- Table structure for table `likes`
--

CREATE TABLE `likes` (
  `id` int(11) NOT NULL,
  `user_id` int(11) NOT NULL,
  `post_id` int(11) NOT NULL
) ENGINE=InnoDB DEFAULT CHARSET=utf16 COLLATE=utf16_unicode_ci;

--
-- Dumping data for table `likes`
--

INSERT INTO `likes` (`id`, `user_id`, `post_id`) VALUES
(319, 62, 737),
(320, 61, 737),
(321, 62, 739),
(322, 61, 739),
(323, 61, 739);

-- --------------------------------------------------------

--
-- Table structure for table `notifications`
--

CREATE TABLE `notifications` (
  `id` int(11) NOT NULL,
  `notify_for` int(11) NOT NULL,
  `notify_from` int(11) NOT NULL,
  `target` int(11) NOT NULL,
  `type` enum('follow','like','retweet','qoute','comment','reply','mention') NOT NULL,
  `time` datetime NOT NULL,
  `count` int(11) NOT NULL,
  `status` int(11) NOT NULL
) ENGINE=InnoDB DEFAULT CHARSET=utf16 COLLATE=utf16_unicode_ci;

--
-- Dumping data for table `notifications`
--

INSERT INTO `notifications` (`id`, `notify_for`, `notify_from`, `target`, `type`, `time`, `count`, `status`) VALUES
(235, 61, 62, 0, 'follow', '2023-02-02 13:35:35', 1, 0),
(236, 61, 62, 737, 'like', '2023-02-02 13:35:53', 1, 0),
(238, 61, 62, 736, 'comment', '2023-02-02 13:36:57', 1, 0),
(239, 62, 61, 0, 'follow', '2023-02-03 11:44:54', 1, 0),
(240, 62, 61, 739, 'retweet', '2023-02-12 12:12:52', 1, 0),
(241, 62, 61, 739, 'like', '2023-02-12 12:12:58', 1, 0),
(242, 62, 61, 739, 'like', '2023-02-12 12:13:02', 1, 0);

-- --------------------------------------------------------

--
-- Table structure for table `posts`
--

CREATE TABLE `posts` (
  `id` int(11) NOT NULL,
  `user_id` int(11) NOT NULL,
  `post_on` datetime NOT NULL
) ENGINE=InnoDB DEFAULT CHARSET=utf16 COLLATE=utf16_unicode_ci;

--
-- Dumping data for table `posts`
--

INSERT INTO `posts` (`id`, `user_id`, `post_on`) VALUES
(736, 61, '2023-02-01 06:41:39'),
(737, 61, '2023-02-01 06:42:26'),
(739, 62, '2023-02-12 09:16:11'),
(740, 62, '2023-02-12 11:43:18'),
(741, 61, '2023-02-12 12:12:52'),
(742, 62, '2023-02-12 15:06:50'),
(743, 62, '2023-02-12 16:22:00');

-- --------------------------------------------------------

--
-- Table structure for table `replies`
--

CREATE TABLE `replies` (
  `id` int(11) NOT NULL,
  `comment_id` int(11) NOT NULL,
  `user_id` int(11) NOT NULL,
  `reply` varchar(140) NOT NULL,
  `time` datetime NOT NULL
) ENGINE=InnoDB DEFAULT CHARSET=utf16 COLLATE=utf16_unicode_ci;

-- --------------------------------------------------------

--
-- Table structure for table `retweets`
--

CREATE TABLE `retweets` (
  `post_id` int(11) NOT NULL,
  `retweet_msg` varchar(140) DEFAULT NULL,
  `tweet_id` int(11) DEFAULT NULL,
  `retweet_id` int(11) DEFAULT NULL
) ENGINE=InnoDB DEFAULT CHARSET=utf16 COLLATE=utf16_unicode_ci;

--
-- Dumping data for table `retweets`
--

INSERT INTO `retweets` (`post_id`, `retweet_msg`, `tweet_id`, `retweet_id`) VALUES
(737, 'test yrobs ...', 736, NULL),
(740, NULL, 739, NULL),
(741, NULL, 739, NULL),
(743, NULL, 742, NULL);

-- --------------------------------------------------------

--
-- Table structure for table `trends`
--

CREATE TABLE `trends` (
  `id` int(11) NOT NULL,
  `hashtag` varchar(140) NOT NULL,
  `created_on` datetime NOT NULL
) ENGINE=InnoDB DEFAULT CHARSET=utf16 COLLATE=utf16_unicode_ci;

--
-- Dumping data for table `trends`
--

INSERT INTO `trends` (`id`, `hashtag`, `created_on`) VALUES
(1, 'php', '2021-01-06 05:57:43'),
(4, 'hi', '2021-01-25 21:42:35'),
(5, 'alex', '2021-01-25 21:42:36'),
(6, '7oda', '2021-03-20 23:40:12'),
(9, 'js', '2021-04-02 03:24:28'),
(12, 'bro', '2021-04-02 03:31:38'),
(13, 'mysql', '2022-01-13 16:10:54'),
(14, 'explore', '2022-01-13 16:10:54'),
(15, 'fun', '2022-01-13 16:10:54');

-- --------------------------------------------------------

--
-- Table structure for table `tweets`
--

CREATE TABLE `tweets` (
  `post_id` int(11) NOT NULL,
  `status` varchar(140) DEFAULT NULL,
  `img` text DEFAULT NULL
) ENGINE=InnoDB DEFAULT CHARSET=utf16 COLLATE=utf16_unicode_ci;

--
-- Dumping data for table `tweets`
--

INSERT INTO `tweets` (`post_id`, `status`, `img`) VALUES
(736, '', 'tweet-63d9ed839d680.png'),
(739, 'this is santosh....', 'tweet-63e8923b81559.jpg'),
(742, 'i have got a good job', NULL);

-- --------------------------------------------------------

--
-- Table structure for table `users`
--

CREATE TABLE `users` (
  `id` int(11) NOT NULL,
  `username` varchar(40) NOT NULL,
  `email` varchar(255) NOT NULL,
  `password` varchar(32) NOT NULL,
  `name` varchar(40) NOT NULL,
  `img` varchar(255) NOT NULL DEFAULT 'default.jpg',
  `imgCover` varchar(255) NOT NULL DEFAULT 'cover.png',
  `bio` varchar(140) NOT NULL DEFAULT '',
  `location` varchar(255) NOT NULL DEFAULT '',
  `website` varchar(255) NOT NULL DEFAULT ''
) ENGINE=InnoDB DEFAULT CHARSET=utf16 COLLATE=utf16_unicode_ci;

--
-- Dumping data for table `users`
--

INSERT INTO `users` (`id`, `username`, `email`, `password`, `name`, `img`, `imgCover`, `bio`, `location`, `website`) VALUES
(61, 'santosh1', 'admin@gmail.com', '0e7517141fb53f21ee439b355b5a1d0a', 'santosh kumar rout', 'user-63e8bb84b5169.jpg', 'user-63e8bb84b516e.jpg', '', '', ''),
(62, 'test1', 'test@mail.com', '68eacb97d86f0c4621fa2b0e17cabd8c', 'test', 'user-63e8915fac898.jpg', 'user-63e8915fac89d.jpg', '', '', '');

--
-- Indexes for dumped tables
--

--
-- Indexes for table `comments`
--
ALTER TABLE `comments`
  ADD PRIMARY KEY (`id`),
  ADD KEY `post_id` (`post_id`),
  ADD KEY `user_id` (`user_id`);

--
-- Indexes for table `follow`
--
ALTER TABLE `follow`
  ADD PRIMARY KEY (`id`),
  ADD KEY `follower_id` (`follower_id`),
  ADD KEY `following_id` (`following_id`);

--
-- Indexes for table `likes`
--
ALTER TABLE `likes`
  ADD PRIMARY KEY (`id`),
  ADD KEY `user_id` (`user_id`),
  ADD KEY `likes_ibfk_2` (`post_id`);

--
-- Indexes for table `notifications`
--
ALTER TABLE `notifications`
  ADD PRIMARY KEY (`id`),
  ADD KEY `notifications_ibfk_1` (`notify_for`),
  ADD KEY `notifications_ibfk_2` (`notify_from`);

--
-- Indexes for table `posts`
--
ALTER TABLE `posts`
  ADD PRIMARY KEY (`id`),
  ADD KEY `user_id` (`user_id`);

--
-- Indexes for table `replies`
--
ALTER TABLE `replies`
  ADD PRIMARY KEY (`id`),
  ADD KEY `comment_id` (`comment_id`),
  ADD KEY `user_id` (`user_id`);

--
-- Indexes for table `retweets`
--
ALTER TABLE `retweets`
  ADD PRIMARY KEY (`post_id`) USING BTREE,
  ADD KEY `retweet_id` (`retweet_id`),
  ADD KEY `retweets_ibfk_2` (`tweet_id`);

--
-- Indexes for table `trends`
--
ALTER TABLE `trends`
  ADD PRIMARY KEY (`id`),
  ADD UNIQUE KEY `hashtag` (`hashtag`);

--
-- Indexes for table `tweets`
--
ALTER TABLE `tweets`
  ADD PRIMARY KEY (`post_id`);

--
-- Indexes for table `users`
--
ALTER TABLE `users`
  ADD PRIMARY KEY (`id`);

--
-- AUTO_INCREMENT for dumped tables
--

--
-- AUTO_INCREMENT for table `comments`
--
ALTER TABLE `comments`
  MODIFY `id` int(11) NOT NULL AUTO_INCREMENT, AUTO_INCREMENT=48;

--
-- AUTO_INCREMENT for table `follow`
--
ALTER TABLE `follow`
  MODIFY `id` int(11) NOT NULL AUTO_INCREMENT, AUTO_INCREMENT=196;

--
-- AUTO_INCREMENT for table `likes`
--
ALTER TABLE `likes`
  MODIFY `id` int(11) NOT NULL AUTO_INCREMENT, AUTO_INCREMENT=324;

--
-- AUTO_INCREMENT for table `notifications`
--
ALTER TABLE `notifications`
  MODIFY `id` int(11) NOT NULL AUTO_INCREMENT, AUTO_INCREMENT=243;

--
-- AUTO_INCREMENT for table `posts`
--
ALTER TABLE `posts`
  MODIFY `id` int(11) NOT NULL AUTO_INCREMENT, AUTO_INCREMENT=744;

--
-- AUTO_INCREMENT for table `replies`
--
ALTER TABLE `replies`
  MODIFY `id` int(11) NOT NULL AUTO_INCREMENT, AUTO_INCREMENT=12;

--
-- AUTO_INCREMENT for table `trends`
--
ALTER TABLE `trends`
  MODIFY `id` int(11) NOT NULL AUTO_INCREMENT, AUTO_INCREMENT=16;

--
-- AUTO_INCREMENT for table `users`
--
ALTER TABLE `users`
  MODIFY `id` int(11) NOT NULL AUTO_INCREMENT, AUTO_INCREMENT=63;

--
-- Constraints for dumped tables
--

--
-- Constraints for table `comments`
--
ALTER TABLE `comments`
  ADD CONSTRAINT `comments_ibfk_1` FOREIGN KEY (`post_id`) REFERENCES `posts` (`id`) ON DELETE CASCADE ON UPDATE CASCADE,
  ADD CONSTRAINT `comments_ibfk_2` FOREIGN KEY (`user_id`) REFERENCES `users` (`id`) ON DELETE CASCADE ON UPDATE CASCADE;

--
-- Constraints for table `follow`
--
ALTER TABLE `follow`
  ADD CONSTRAINT `follow_ibfk_1` FOREIGN KEY (`follower_id`) REFERENCES `users` (`id`) ON DELETE CASCADE ON UPDATE CASCADE,
  ADD CONSTRAINT `follow_ibfk_2` FOREIGN KEY (`following_id`) REFERENCES `users` (`id`) ON DELETE CASCADE ON UPDATE CASCADE;

--
-- Constraints for table `likes`
--
ALTER TABLE `likes`
  ADD CONSTRAINT `likes_ibfk_1` FOREIGN KEY (`user_id`) REFERENCES `users` (`id`) ON DELETE CASCADE ON UPDATE CASCADE,
  ADD CONSTRAINT `likes_ibfk_2` FOREIGN KEY (`post_id`) REFERENCES `posts` (`id`) ON DELETE CASCADE ON UPDATE CASCADE;

--
-- Constraints for table `notifications`
--
ALTER TABLE `notifications`
  ADD CONSTRAINT `notifications_ibfk_1` FOREIGN KEY (`notify_for`) REFERENCES `users` (`id`) ON DELETE CASCADE ON UPDATE CASCADE,
  ADD CONSTRAINT `notifications_ibfk_2` FOREIGN KEY (`notify_from`) REFERENCES `users` (`id`) ON DELETE CASCADE ON UPDATE CASCADE;

--
-- Constraints for table `posts`
--
ALTER TABLE `posts`
  ADD CONSTRAINT `posts_ibfk_1` FOREIGN KEY (`user_id`) REFERENCES `users` (`id`) ON DELETE CASCADE ON UPDATE CASCADE;

--
-- Constraints for table `replies`
--
ALTER TABLE `replies`
  ADD CONSTRAINT `replies_ibfk_1` FOREIGN KEY (`comment_id`) REFERENCES `comments` (`id`) ON DELETE CASCADE ON UPDATE CASCADE,
  ADD CONSTRAINT `replies_ibfk_2` FOREIGN KEY (`user_id`) REFERENCES `users` (`id`) ON DELETE CASCADE ON UPDATE CASCADE;

--
-- Constraints for table `retweets`
--
ALTER TABLE `retweets`
  ADD CONSTRAINT `retweets_ibfk_1` FOREIGN KEY (`post_id`) REFERENCES `posts` (`id`) ON DELETE CASCADE ON UPDATE CASCADE,
  ADD CONSTRAINT `retweets_ibfk_2` FOREIGN KEY (`tweet_id`) REFERENCES `tweets` (`post_id`) ON DELETE CASCADE ON UPDATE CASCADE,
  ADD CONSTRAINT `retweets_ibfk_3` FOREIGN KEY (`retweet_id`) REFERENCES `retweets` (`post_id`) ON DELETE CASCADE ON UPDATE CASCADE;

--
-- Constraints for table `tweets`
--
ALTER TABLE `tweets`
  ADD CONSTRAINT `tweets_ibfk_1` FOREIGN KEY (`post_id`) REFERENCES `posts` (`id`) ON DELETE CASCADE ON UPDATE CASCADE;
COMMIT;

/*!40101 SET CHARACTER_SET_CLIENT=@OLD_CHARACTER_SET_CLIENT */;
/*!40101 SET CHARACTER_SET_RESULTS=@OLD_CHARACTER_SET_RESULTS */;
/*!40101 SET COLLATION_CONNECTION=@OLD_COLLATION_CONNECTION */;
